skill_id	skill_name	description	roles_that_require_skill
pcf:accessibility	Accessibility	Accessibility involves ensuring your service can be used by as many people as possible, including those with impaired vision, motor difficulties, cognitive impairments, learning disabilities and deafness.	Frontend developer
pcf:adapting-to-delivery-methodologies	Adapting to delivery methodologies	Adapting to delivery methodologies involves contributing to discussions on the appropriate delivery methodology to use, and adapting your approach based on the delivery methodology of the team.	Business analyst, Service owner
pcf:agile-and-lean-practices	Agile and Lean practices	Agile and Lean practices involves encouraging teams to build incrementally, test and iterate their work based on regular feedback and other useful data.	Agile coach, Delivery manager, Product manager, Programme delivery manager
pcf:agile-research-practices	Agile research practices	Agile delivery involves encouraging teams to build incrementally, test and iterate their work based on regular feedback and other useful data.	User researcher
pcf:agile-working	Agile working	Agile delivery involves encouraging teams to build incrementally, test and iterate their work based on regular feedback and other useful data.	Content strategist, Digital portfolio manager, Technical writer
pcf:analysis	Analysis	Analysis involves examining, interpreting and analysing data to help make informed decisions.	Security architect
pcf:analysis-and-insight	Analysis and insight	Analysis and insight involves examining, interpreting and analysing data to help make informed decisions.	Performance analyst
pcf:analysis-and-synthesis	Analysis and synthesis		User researcher
pcf:analysis-and-synthesis-for-data-and-ai-ethics	Analysis and synthesis for data and AI ethics	Analysis and synthesis for data and AI ethics involves using evidence from different sources to create clear findings and support ethical data and artificial intelligence practices.	Data and artificial intelligence (AI) ethicist
pcf:applied-empathy-and-inclusivity	Applied empathy and inclusivity	Applied empathy and inclusivity involves including everyone to incorporate disparate views and requirements, whether developing products and services or internal policies.	Data and artificial intelligence (AI) ethicist
pcf:applied-maths-statistics-and-scientific-practices	Applied maths, statistics and scientific practices	Applied mathematics and statistics involves applying analytical methods including exploratory data analysis, visualisation and statistical testing to help make accurate recommendations.	Data scientist, Machine learning engineer
pcf:applied-social-sciences	Applied social sciences	Applied social sciences involves using an understanding of the social sciences to evaluate and challenge assumptions made in relevant projects.	Data and artificial intelligence (AI) ethicist
pcf:applying-statistical-and-analytical-tools-and-techniques	Applying statistical and analytical tools and techniques	Applying statistical and analytical techniques involves using and evaluating methods to answer research questions and make data-informed recommendations.	Data analyst
pcf:applying-user-centred-insights	Applying user-centred insights	Applying user-centred insights involves understanding all user needs and the problems that need to be solved, and applying insights to make decisions that meet these needs.	Product manager, Service owner
pcf:architect-for-the-whole-context	Architect for the whole context		Enterprise architect, Solution architect, Technical architect
pcf:architecture-communication	Architecture communication	Communication involves conveying information using the most effective medium and language for the audience.	Enterprise architect, Solution architect, Technical architect
pcf:asset-and-configuration-management	Asset and configuration management	Asset and configuration management involves managing the life cycle of IT assets, such as hardware, software, intellectual property, licences and warranties, the configuration of components, and the relationships between them. Consideration is given to the usage, disposal, compliance, inventory, sustainability, cost optimisation and protection of the IT asset portfolio.	Application operations engineer, Change and release manager, Command and control centre manager, End user computing engineer, Incident manager, Infrastructure operations engineer, IT service manager, Problem manager, Service desk manager, Service transition manager
pcf:availability-and-capacity-management	Availability and capacity management	Availability and capacity management involves ensuring services are available with as little downtime or disruption as possible, and that we have sufficient resources to support emerging business needs.	Application operations engineer, Change and release manager, Command and control centre manager, Development operations (DevOps) engineer, Incident manager, Infrastructure operations engineer, Problem manager, Service transition manager, Software developer
pcf:business-analysis-it-operations	Business analysis (IT operations)	Business analysis involves understanding the business needs and translating those requirements into solutions through detailed analysis and feedback.	Business relationship manager, IT service manager
pcf:business-and-user-acceptance-testing	Business and user acceptance testing	Business and user acceptance involves using appropriate tools and techniques to verify that a product or service meets documented and agreed business and user needs.	Business analyst
pcf:business-architecture	Business architecture	Business architecture involves using industry standards to develop integrated views of an organisation that help implement organisational strategy and solve complex problems.	Business architect
pcf:business-modelling	Business modelling	Business modelling involves visualising, analysing and communicating current and future business situations and how business components influence each other.	Business analyst
pcf:business-process-improvement	Business process improvement	Business process improvement involves creating appropriate artefacts and analysing, modifying and testing existing and new processes to make them more efficient.	Business analyst
pcf:capability-building-for-digital-data-and-technology	Capability building for digital, data and technology	You can: - guide the organisation to ensure it has the specialist digital, data and technology skills it needs - develop organisational processes and ways of working so that digital and data roles you support can thrive - continuously improve and optimise the organisational environment Examples of leadership using this skill: - prioritising capability needs that will have the most impact - negotiating for longer-term investment in people by articulating the risks and benefits of different staffing strategies - advocating for good practice in ways of working and supporting people to adopt this practice - growing digital and data communities	Chief data officer, Chief digital and information officer, Chief information security officer, Chief technology officer
pcf:change-benefits-and-adoption-analysis	Change, benefits and adoption analysis	Change, benefits and adoption analysis involves assessing how change can be enabled within the organisation, determining expected benefits and creating the conditions required for adoption.	Business analyst
pcf:change-management	Change management	Change management involves managing changes to services, organisations, suppliers or configuration items, and the associated documentation.	Application operations engineer, Change and release manager, Command and control centre manager, End user computing engineer, Incident manager, Infrastructure operations engineer, Problem manager, Service transition manager
pcf:changing-security-culture	Changing security culture	You can: - put in place continuous cyber and information security awareness and education programs, for example, training for specific groups - use a range of methods to assess whether people’s security behaviour is improving - compare the maturity of security awareness and culture in your organisation against others across government to determine effective improvements Examples of leadership using this skill: - incentivising the right behaviours across the whole organisation so that everyone knows how they contribute to security - persuading senior leadership to represent a campaign personally - communicating insights from previous incidents to ensure they are learned from	Chief information security officer
pcf:coaching-in-an-agile-environment	Coaching in an agile environment	Coaching in an agile environment involves helping people, teams and organisations to improve outcomes, develop skills and increase autonomy, through reflection, learning and systems awareness.	Agile coach
pcf:coding-and-scripting	Coding and scripting	Coding and scripting involves designing, writing and iterating code and scripts from prototype to production.	Infrastructure engineer, Infrastructure operations engineer
pcf:commercial-management	Commercial management	Commercial management involves exploring commercial opportunities whilst complying with the regulations on how we conduct and manage both internal and third party relationships.	Delivery manager, Programme delivery manager
pcf:commercial-perspective	Commercial perspective	Commercial management involves exploring commercial opportunities whilst complying with the regulations on how we conduct and manage both internal and third party relationships.	Enterprise architect, Solution architect
pcf:communicating-analysis-and-insight	Communicating analysis and insight		Data governance manager, Digital evaluator, Digital portfolio manager, Performance analyst
pcf:communicating-between-the-technical-and-non-technical	Communicating between the technical and non-technical	Communicating between the technical and non-technical involves conveying information using the most effective medium and language for the audience.	Analytics engineer, Data analyst, Data and artificial intelligence (AI) ethicist, Data architect, Data engineer, Data governance manager, Delivery manager, Machine learning engineer, Programme delivery manager, Quality assurance test analyst, Test engineer, Test manager
pcf:communicating-data	Communicating data		Data architect
pcf:communicating-information	Communicating information	Communication involves conveying information using the most effective medium and language for the audience.	Accessibility specialist, Business architect, Frontend developer
pcf:communication-security-architect	Communication (security architect)	Communication involves conveying information using the most effective medium and language for the audience.	Security architect
pcf:community-collaboration	Community collaboration	Collaboration in the Government Digital and Data profession typically involves working in a multidisciplinary project team, and contributing to working groups and wider professional communities. It requires a broad understanding of the technologies, principles and perspectives of related professions.	Agile coach, Change and release manager, Command and control centre manager, Enterprise architect, Frontend developer, Incident manager, Problem manager, Programme delivery manager, Service transition manager, Solution architect, Technical architect
pcf:consultancy	Consultancy	Consultancy involves providing specialist advice to address stakeholder and business needs.	Accessibility specialist, Agile coach, Business architect
pcf:content-management-and-architecture	Content management and architecture	Content management and architecture involves using and developing processes, systems and standards to enable effective, sustainable and reusable content.	Content designer
pcf:context-problem-and-option-analysis	Context, problem and option analysis	Context, problem and option analysis involves holistically investigating the context for a piece of work to define the problem or opportunity, understand root causes, identify high level business and user needs and shape the work to address those needs.	Business analyst
pcf:continual-service-improvement	Continual service improvement		Application operations engineer, Business relationship manager, Change and release manager, Command and control centre manager, End user computing engineer, Incident manager, Infrastructure operations engineer, IT service manager, Problem manager, Service desk manager, Service transition manager
pcf:continuity-management	Continuity management	Continuity management involves clearly defining processes and remediation plans to ensure the availability of systems and services in the event of unplanned downtime.	Change and release manager, Command and control centre manager, Incident manager, Problem manager, Service transition manager
pcf:creating-value-for-money	Creating value for money	Creating value for money involves making the right choices for the right reasons, balancing return on investment and value for the user and the organisation.	Product manager
pcf:customer-service-management	Customer service management	Customer service management involves managing customer service functions, such as responding to issue reports, information and access requests.	Service desk manager
pcf:cyber-incident-management	Cyber incident management	You can: - implement cyber incident management processes that reflect the level of risk accepted by the organisation - ensure the organisation is prepared for and can effectively respond to incidents - determine the impact of critical incidents on the organisation’s technology - lead the response to critical incidents that affect the whole organisation Examples of leadership using this skill: - helping the incident management team build relationships with senior leaders - leading simulation exercises with the board so they understand their role in incident response processes and the implications of potential incidents - assessing what to communicate to the board, ministers or the whole organisation, and when to do it	Chief information security officer
pcf:cyber-risk-management	Cyber risk management	You can: - maintain a clear understanding of the cyber and information security risks across the whole organisation - develop and implement risk assessment processes - oversee the assessment of the organisation's partners and supply chain for potential threats or vulnerabilities Examples of leadership using this skill: - building a culture where teams have awareness of, and take responsibility for, risks and mitigating them - advising programme owners and people running IT services about risks in a way that enables them to act on that advice - communicating with senior leaders in a way that enables them to make decisions about accepting or mitigating risk	Chief information security officer
pcf:cyber-security-governance	Cyber security governance	You can: - develop an effective cyber and information security governance framework that is integrated with overall organisational governance - prioritise issues affecting the organisation’s ability to meet security policies and follow standards - lead a continuous review process to ensure governance meets changing regulations, legislation and best practices - mitigate risks caused by unavoidable exceptions to the governance framework Examples of leadership using this skill: - escalating risks to the highest level in the organisation when governance issues do not have defined owners - persuading others to use their financial resources for changes needed to comply with the framework - helping stakeholders be aware of the risks that are caused when an exception is agreed	Chief information security officer
pcf:data-analysis-and-synthesis	Data analysis and synthesis	Analysis and insight involves examining, interpreting and analysing data to help make informed decisions.	Analytics engineer, Data architect, Data engineer
pcf:data-and-ai-ethics-communication	Data and AI ethics communication	Data and AI ethics communication involves clearly explaining how data and artificial intelligence systems work and communicating their ethical implications to different audiences.	Data and artificial intelligence (AI) ethicist
pcf:data-and-ai-ethics-product-management	Data and AI ethics product management	Data and AI ethics product management involves creating, improving and promoting tools that help organisations put ethical principles into practice.	Data and artificial intelligence (AI) ethicist
pcf:data-architecture	Data architecture	You can: - identify and document where your organisation's data comes from and how it is shared - assess current data systems in the organisation and the technology they use - determine the data architecture the organisation needs to achieve organisational objectives Examples of leadership using this skill: - building relationships with parts of the organisation that protect access to data - working with all areas of the organisation to ensure the data architecture works for everyone and any change is accepted - relating data architecture to strategic objectives or important user needs to gain investment	Chief data officer
pcf:data-compliance-and-security	Data compliance and security	Data compliance and security involves ensuring data handling practices at all stages of the data life cycle meet legal, regulatory, technical, ethical and organisation requirements to protect the data, data subjects and organisation.	Data engineer
pcf:data-development-process	Data development process	Data development process involves implementing data pipelines, products, services or platforms while ensuring they are secure, scalable, sustainable, reliable and meeting required standards.	Data engineer
pcf:data-engineering	Data engineering	Data engineering involves ensuring the correct systems are available to enable the collection, analysis and extrapolation of data.	Data scientist
pcf:data-ethics-and-privacy	Data ethics and privacy	Data ethics and privacy involves using data and emerging data techniques in compliance with ethical and legal obligations.	Data analyst, Data and artificial intelligence (AI) ethicist, Data governance manager, Data scientist, Digital evaluator, Machine learning engineer
pcf:data-governance	Data governance	Data governance involves the set of standards, processes and policies that ensures your data is consistent and reliable throughout the data life cycle.	Data governance manager
pcf:data-governance-data-architect	Data governance (data architect)	Data governance involves the set of standards, processes and policies that ensures your data is consistent and reliable throughout the data life cycle.	Data architect
pcf:data-governance-leadership	Data governance leadership	You can: - review the organisation’s roles, responsibilities, policies, standards and attitudes to data - decide the work needed to improve data governance, taking into account effort, reward and risk - guide decision making on the most appropriate methods of implementing governance - put in place data governance processes that ensure compliance and minimise risk Examples of leadership using this skill: - working with senior stakeholders to agree the level of risk the organisation is willing to tolerate - getting senior stakeholders to prioritise improving data governance despite competing or changing priorities - building stakeholders' confidence in new owners of data assets, for example, through training plans	Chief data officer
pcf:data-innovation	Data innovation	Data innovation involves understanding unfamiliar or emerging technologies, assessing their relevance and applying them effectively, or using existing technologies in new ways, to deliver value from data.	Analytics engineer, Data architect, Data engineer, Data governance manager
pcf:data-integration-design	Data integration design	Data integration design involves designing systems, APIs and data models to enable secure and efficient interoperability across services.	Data engineer
pcf:data-life-cycle	Data life cycle		Data governance manager
pcf:data-literacy-improvement	Data literacy improvement		Data governance manager
pcf:data-management	Data management	Data management involves the application of data governance policies, including the tools, procedures and methods that manage data access, sharing, dissemination and protection.	Data analyst, Data governance manager
pcf:data-maturity	Data maturity	Data maturity involves measuring how set up your organisation is to make the best use of its data.	Data governance manager
pcf:data-modelling	Data modelling	Data modelling involves producing visual representations of information systems to communicate the relationship between different data types.	Data architect, Data engineer
pcf:data-modelling-cleansing-and-enrichment	Data modelling, cleansing and enrichment	Data modelling involves producing visual representations of information systems to communicate the relationship between different data types.	Analytics engineer
pcf:data-preparation-and-linkage	Data preparation and linkage	Data preparation and linkage involves cleansing, modelling, transforming and assuring the quality of data so that it is usable and reproducible.	Data analyst
pcf:data-risk-management	Data risk management	You can: - put in place processes that identify and document risks across the organisation and embed them into wider governance processes - make plans to deal with issues caused by different types of risks - use risk assessments to monitor data quality and compliance and whether risks are decreasing Examples of leadership using this skill: - getting owners of data assets to take responsibility for risks - helping people use risk assessment results to make decisions instead of relying on opinion - creating an environment where risk standards, policies and processes are valued - encouraging the organisation to use and share data whilst ensuring data is appropriately protected	Chief data officer
pcf:data-science-innovation	Data science innovation	Data science involves examining data through statistical analysis and data mining, to identify patterns and uncover insights that can inform decision-making.	Data scientist, Machine learning engineer
pcf:data-standards	Data standards	Data standards involve established practices to make it easier and more effective to share and use data across government.	Data architect, Data governance manager
pcf:data-visualisation	Data visualisation	Data visualisation involves translating business requirements into accessible data visualisations that communicate data, such as tables, charts and graphs.	Data analyst
pcf:defining-and-managing-business-needs-user-needs-and-requirements	Defining and managing business needs, user needs and requirements	Defining and managing business needs, user needs and requirements involves eliciting, analysing and validating and communicating needs effectively through appropriate actionable artefacts.	Business analyst
pcf:delivering-business-impact	Delivering business impact		Data scientist
pcf:delivering-business-impact-through-data	Delivering business impact through data	Delivering business impact through data involves identifying the priorities of the organisation, recognising the contribution of data and making decisions with data to ensure you deliver business impact.	Data analyst
pcf:design-communication	Design communication	Design communication involves using a variety of techniques to effectively explain and document design decisions.	Content designer, Graphic designer, Interaction designer, Service designer
pcf:designing-and-executing-tests	Designing and executing tests	Designing and executing tests involves applying appropriate test types and techniques to create and run tests that align to user needs and requirements.	Quality assurance test analyst, Test engineer, Test manager
pcf:designing-for-everyone	Designing for everyone	Designing for everyone involves ensuring content and services are inclusive, accessible and environmentally sustainable.	Content designer, Graphic designer, Interaction designer, Service designer
pcf:designing-secure-systems	Designing secure systems		Security architect
pcf:designing-strategically	Designing strategically	Designing strategically involves influencing and aligning design work to your organisation’s strategic objectives, and contributing to or embedding design patterns and practices across your organisation.	Content designer, Graphic designer, Interaction designer, Service designer
pcf:designing-together	Designing together	Designing together involves identifying who to include in the design process and working with them effectively.	Content designer, Graphic designer, Interaction designer, Service designer
pcf:developing-code-for-analysis	Developing code for analysis	Developing code for analysis involves designing, implementing and improving analytical approaches, manually or via an interface.	Data analyst
pcf:developing-data-science-capability	Developing data science capability	Training and capability improvement involves identifying and advocating ways to develop the skills, knowledge and performance of individuals or organisations.	Data scientist
pcf:development-process-optimisation	Development process optimisation	Process optimisation involves ensuring your processes are accurately defined and capture the most efficient way to complete a task by monitoring modified procedures.	Development operations (DevOps) engineer, Software developer
pcf:digital-and-data-systems-analysis	Digital and data systems analysis	Digital and data systems analysis involves structured examination of digital and data technologies and infrastructures to understand them enough to enable effective decision making.	Business analyst
pcf:enabling-and-informing-risk-based-decisions	Enabling and informing risk-based decisions		Data governance manager, Security architect
pcf:ensuring-resilience-of-digital-data-and-technology	Ensuring resilience of digital, data and technology	You can: - be accountable for digital, data and technology resilience across the organisation - advocate for the appropriate level of investment to support organisational resilience - ensure that risks, including cyber security, privacy and compliance risks, are addressed by governance, operational processes, delivery practices and the strategic selection of suppliers Examples of leadership using this skill: - directing the digital, data and technology environment so the organisation can safely and securely harness innovative practices and emerging technologies - working with the board to agree acceptable levels of information and cyber security risk, controls and mitigation strategies - working with senior leaders to ensure that digital, data and technology is operating within organisational and external security governance frameworks	Chief digital and information officer
pcf:enterprise-architecture	Enterprise architecture	Enterprise architecture involves analysing how to achieve an organisation's objectives by designing and aligning its IT applications and technologies.	Enterprise architect
pcf:evaluation-delivery	Evaluation delivery	Evaluation delivery involves using data collection and analytical techniques to evaluate a digital product or service across the development cycle.	Digital evaluator
pcf:evaluation-planning-and-strategy	Evaluation planning and strategy	Evaluation planning and strategy involves working with stakeholders to develop plans for monitoring and evaluating products and services, and gaining support for effective evaluation.	Digital evaluator
pcf:evidence-based-design	Evidence-based design	Evidence-based design involves defining hypotheses and using qualitative evidence (such as insights from user research) and quantitative evidence (such as web analytics and management information) to inform design decisions.	Content designer, Graphic designer, Interaction designer, Service designer
pcf:financial-decision-making-for-technology	Financial decision making for technology	You can: - assess the full financial implication of a technology buying decision - advise on the appropriate funding of shared technologies so that the cost is shared now and in future - guide decision making on appropriate approaches for buying technology, services and human resources so that technology investments achieve organisational goals Examples of leadership using this skill: - explaining financial implications of purchasing technology, particularly where the full lifetime cost is unpredictable - prioritising spending by balancing immediate problems with future uncertainties - gaining support for your recommendations by explaining your decisions to finance, risk, and commercial colleagues at board level	Chief technology officer
pcf:financial-management	Financial management	Financial management involves planning, organising and monitoring financial resources.	Delivery manager, Programme delivery manager
pcf:financial-management-for-digital-data-and-technology	Financial management for digital, data and technology	You can: - own, manage and optimise budgets across digital, data and technology - secure appropriate investment to deliver organisational strategy and priorities - negotiate investments in shared technologies across the organisation and across government Examples of leadership using this skill: - prioritising competing demands for investment in people, infrastructure and innovation across digital, data and technology to maximise value - identifying risk to critical services and influencing stakeholders to increase investment to ensure they are maintained - balancing short-term tactical gains with longer-term strategies to ensure value now and in the future	Chief digital and information officer
pcf:financial-ownership	Financial ownership	Financial ownership involves securing funding and prioritising how it is spent to ensure quality and value for money.	Service owner
pcf:governance-and-assurance	Governance and assurance	Governance and assurance involves ensuring appropriate and proportionate governance and assurance is in place to support delivery.	Digital portfolio manager, Network architect, Service owner
pcf:governance-and-assurance-accessibility	Governance and assurance (accessibility)	Governance and assurance involves defining and ensuring adherence to an organisation's quality control and compliance processes.	Accessibility specialist
pcf:incident-management	Incident management	Incident management involves coordinating the response to incident reports, ensuring effective prioritisation, investigation and resolution.	Application operations engineer, Change and release manager, Command and control centre manager, End user computing engineer, Incident manager, Infrastructure operations engineer, Problem manager, Service transition manager
pcf:inclusive-research	Inclusive research	Inclusion involves including everyone to incorporate disparate views and requirements, whether developing products and services or internal policies.	User researcher
pcf:information-security	Information security	Information security involves maintaining the security, confidentiality and integrity of information.	Development operations (DevOps) engineer, Infrastructure engineer, Software developer
pcf:innovation-in-digital-data-and-technology	Innovation in digital, data and technology	You can: - detect and analyse early trends in society, technology, data or cyber security that could be important for your organisation - advise the organisation on the implications of societal changes, new technologies and uses of data, such as ethical, security or legal implications - support teams to identify and implement innovation that responds to and scales with a continually changing landscape - introduce technologies and methods that address shared problems Examples of leadership using this skill: - building trust and credibility with stakeholders by demonstrating the relevance of new technologies or methods to address organisational challenges - helping people at all levels of your organisation understand the potential benefits and risks of changes - persuading other leaders to support and invest in innovation	Chief data officer, Chief digital and information officer, Chief information security officer, Chief technology officer
pcf:iterative-design	Iterative design	Iterative design involves continuously testing hypotheses, using techniques such as creating prototypes (for example sketching journey flows, drafting content, mocking up screens, or building realistic journeys in code).	Content designer, Graphic designer, Interaction designer, Service designer
pcf:it-infrastructure	IT infrastructure	IT infrastructure involves ensuring systems and processes are available, adaptable, reliable and secure.	Infrastructure engineer, Network architect
pcf:it-service-reporting	IT service reporting	IT service reporting involves analysing data to understand how an IT product or service has performed against the Key Performance Indicators (KPIs).	End user computing engineer, IT service manager, Service desk manager
pcf:leadership-and-guidance	Leadership and guidance	Leadership and guidance involves providing effective leadership and management through team motivation, decision making, risk management, mediation and professional development	Accessibility specialist
pcf:leadership-and-guidance-frontend-developer	Leadership and guidance (frontend developer)	Leadership and guidance involves providing effective leadership and management through team motivation, decision making, risk management, mediation and professional development	Frontend developer
pcf:leading-design	Leading design	Leading design involves supporting designers, coordinating design work and improving design maturity in your organisation.	Content designer, Graphic designer, Interaction designer, Service designer
pcf:leading-digital-products-and-services	Leading digital products and services	You can: - work with all business areas to define the problems that need to be solved - ensure roadmaps meet organisational strategic aims and that responsibility for delivery of the roadmap is shared appropriately across business areas - decide when to manage, maintain or evolve products and services to deliver organisational outcomes and support seamless user journeys Examples of leadership using this skill: - partnering with senior leaders to determine how potential blockers in roadmaps will be managed - managing expectations on what the organisation has the capacity to deliver and pushing back when needed - directing and agreeing resource, guidance and investment to ensure opportunities for innovation are acted upon, and live products and services are continuously developed	Chief digital and information officer
pcf:leading-performance-and-benefits	Leading performance and benefits	Leading performance and benefits involves using appropriate measures, metrics, data and insights to ensure the delivery of valuable outcomes and business benefits.	Service owner
pcf:life-cycle-management	Life cycle management	Life cycle management involves deciding what to do at different phases of the life cycle, including discovery, alpha, beta, live and retirement, and if it's the right time to move to a different phase.	Delivery manager, Product manager, Programme delivery manager, Service owner
pcf:maintaining-delivery-momentum	Maintaining delivery momentum	Delivery management involves improving the speed and efficiency with which products and services are developed.	Delivery manager, Programme delivery manager
pcf:making-and-guiding-decisions	Making and guiding decisions		Business architect
pcf:making-a-process-work	Making a process work	Process optimisation involves ensuring your processes are accurately defined and capture the most efficient way to complete a task by monitoring modified procedures.	Agile coach, Delivery manager, Programme delivery manager
pcf:making-architectural-decisions	Making architectural decisions		Enterprise architect, Solution architect, Technical architect
pcf:making-strategic-performance-led-change	Making strategic performance-led change	You can: - partner with other business areas to set the metrics needed to measure progress towards organisational objectives - monitor performance, recognising when to change direction of the organisation - work with your partners to decide and deliver people, process and technology changes based on performance data Examples of leadership using this skill: - sharing performance indicators that are important for digital, data and technology with senior leaders in a way that influences metrics across the organisation - translating performance insights into required change and negotiating with senior leaders to see this change through - communicating performance-led insights and recommendations to the board that identify opportunities, highlight risks and show progress	Chief digital and information officer
pcf:managing-a-data-project	Managing a data project	Managing a data project involves understanding, planning and implementing the stages of a data project to solve a problem or design and improve a service.	Data analyst
pcf:managing-decisions-and-risks	Managing decisions and risks	Managing decisions and risks involves using risk-based approaches to make decisions, resolve challenges and guide others through complexity.	Data and artificial intelligence (AI) ethicist
pcf:managing-product-outcomes	Managing product outcomes	Managing product outcomes involves working with teams to identify key performance indicators and developing methods to ensure that value is achieved through your product, linking to the product vision and strategic goals.	Product manager
pcf:managing-reporting-and-resolving-defects	Managing, reporting and resolving defects	Managing, reporting and resolving defects involves reporting progress, outcomes and issues, whilst contributing to improving defect management processes.	Quality assurance test analyst, Test engineer, Test manager
pcf:metadata-management	Metadata management	Metadata management involves establishing policies and processes that ensure data can be accessed across an organisation.	Analytics engineer, Data architect, Data engineer
pcf:methods-and-tools	Methods and tools		Business architect
pcf:modern-development-standards	Modern development standards	Modern development standards involves using the latest technologies and best practices to improve the quality of the software development process.	Development operations (DevOps) engineer, Frontend developer, Infrastructure engineer, Software developer
pcf:monitoring-and-evaluation-across-the-product-life-cycle	Monitoring and evaluation across the product life cycle	Monitoring and evaluation across the product life cycle involves effectively integrating evaluation activities into different stages of the delivery process.	Digital evaluator
pcf:operational-management	Operational management	Operational management involves ensuring the operational processes of a product or service are effective and robust.	Service owner
pcf:optimising-technology-and-data-architecture	Optimising technology and data architecture	You can: - ensure that technology and data architecture optimises how the organisation delivers outcomes - oversee the development and performance of technology and data standards to support the changing landscape whilst ensuring inclusivity, security and ethical practices - ensure interoperability in technology and data to support organisational and cross-government delivery Examples of leadership using this skill: - increasing the board’s understanding of the technology and data architecture needed to make use of emerging technologies in the changing digital, data and technology landscape - providing thought leadership and building partnerships in cross-government and external networks to increase and support interoperability - setting the agenda for reusability and sustainability in digital, data and technology	Chief digital and information officer
pcf:ownership-and-initiative	Ownership and initiative		Application operations engineer, Business relationship manager, Change and release manager, Command and control centre manager, End user computing engineer, Incident manager, Infrastructure engineer, Infrastructure operations engineer, IT service manager, Problem manager, Service desk manager, Service transition manager
pcf:performance-measurement	Performance measurement	Performance measurement involves collecting and interpreting data to identify how a team, product or service is performing.	Performance analyst
pcf:planning	Planning		Delivery manager, Digital portfolio manager, Programme delivery manager
pcf:problem-definition-and-shaping	Problem definition and shaping		Enterprise architect, Solution architect
pcf:problem-management	Problem management	Problem management involves anticipating and identifying problems in systems, processes or services, and ensuring appropriate solutions are implemented.	Analytics engineer, Application operations engineer, Change and release manager, Command and control centre manager, Data and artificial intelligence (AI) ethicist, Data architect, Data engineer, End user computing engineer, Incident manager, Infrastructure engineer, Infrastructure operations engineer, Problem manager, Service desk manager, Service transition manager
pcf:product-and-service-monitoring	Product and service monitoring	Product and service monitoring involves developing a theory of change and measurement frameworks to understand effects of services on the user and the economy.	Digital evaluator
pcf:product-leadership	Product leadership	Product leadership involves advocating for product management, encouraging a user-focussed, product-led approach and contributing to a self-sustaining product community.	Product manager
pcf:product-management	Product management	Product management involves making sure that products provide value and drive the right outcomes, whilst balancing user and business needs. This is achieved by working with other professions in your team to frame the problem and make decisions on priorities for your delivery teams.	Product manager
pcf:programming-and-build-data-and-analytics-engineering	Programming and build (data and analytics engineering)	Programming and build (data analytics and engineering) involves working with code across the software development life cycle, following modern development standards and practices, test automation, build pipelines and repeatable deployment processes, to implement secure, maintainable software solutions.	Analytics engineer, Data engineer
pcf:programming-and-build-data-science	Programming and build (data science)		Data scientist
pcf:programming-and-build-frontend-developer	Programming and build (frontend developer)		Frontend developer
pcf:programming-and-build-software-engineering	Programming and build (software engineering)		Development operations (DevOps) engineer, Machine learning engineer, Software developer
pcf:prototyping	Prototyping	Prototyping a service or product involves exploring, testing and sharing different concepts before committing to the final design.	Content strategist, Development operations (DevOps) engineer, Frontend developer, Software developer, Technical writer
pcf:quality-assurance-of-data-and-analysis	Quality assurance of data and analysis	Quality assurance of data and analysis involves sorting and cleansing information so that any conclusions based on it can be made with confidence.	Digital evaluator, Performance analyst
pcf:research-and-innovation	Research and innovation	Keeping actively informed of industry developments to make creative and cost-effective use of emerging technologies and tools, aligned with business goals and user needs.	Security architect
pcf:research-management-leadership-and-assurance	Research management, leadership and assurance	Leadership and guidance involves providing effective leadership and management through team motivation, decision making, risk management, mediation and professional development	User researcher
pcf:security-architecture	Security architecture	You can: - ensure the organisation’s technical architecture is appropriately resilient to cyber threats and attacks and has appropriate recovery mechanisms - oversee the use of processes, tools, platforms and other practices needed to effectively implement secure technical architecture - ensure your supply chain is managing cyber risk based on the level of risk your organisation accepts Examples of leadership using this skill: - educating senior leaders on the importance of security in the development of services and products - deciding when exceptions to security policy and processes are allowed - getting support for investment to ensure appropriate security in the organisation’s supply chain	Chief information security officer
pcf:security-technology	Security technology	Security technology involves understanding security architectures and identifying vulnerabilities to prevent and respond to cyber breaches.	Security architect
pcf:service-focus	Service focus	Service focus involves overseeing the whole service life cycle, including the design, development, deployment and operation of a service.	Application operations engineer, Business relationship manager, Change and release manager, Command and control centre manager, End user computing engineer, Incident manager, Infrastructure engineer, Infrastructure operations engineer, IT service manager, Problem manager, Service desk manager, Service transition manager
pcf:service-management-framework-knowledge	Service management framework knowledge	IT service management involves identifying, prioritising and implementing IT services, ensuring the organisation gets maximum value for money.	Application operations engineer, Business relationship manager, Change and release manager, Command and control centre manager, End user computing engineer, Incident manager, Infrastructure operations engineer, IT service manager, Problem manager, Service desk manager, Service transition manager
pcf:service-support	Service support	Service support involves fixing service faults and maintaining the underlying infrastructure, ensuring processes are in place to keep the service running efficiently.	Development operations (DevOps) engineer, Software developer
pcf:shaping-the-direction-of-organisational-strategy-through-digital-data-and-technology	Shaping the direction of organisational strategy through digital, data and technology	You can: - ensure digital, data and technology shapes the organisation’s strategy - lead digital, data and technology thinking, processes and practices, and integrate them into organisational decision making - ensure digital, data and technology meets user needs and enables the organisation's outcomes Examples of leadership using this skill: - creating partnerships across the organisation to build trust as a recognised strategic leader - increasing understanding amongst senior leaders so that everyone shares the value of using digital, data and technology to shape the organisation’s strategy - rooting conversations on the organisation’s strategy in user needs and challenging strategic decisions made without understanding the user's context	Chief digital and information officer
pcf:stakeholder-relationship-management	Stakeholder relationship management	Stakeholder relationship management involves building trust, managing stakeholder expectations and communications, and remaining focused on user needs.	Business analyst, Business architect, Content strategist, Data and artificial intelligence (AI) ethicist, Data governance manager, Digital portfolio manager, Product manager, Service owner, Technical writer, User researcher
pcf:stakeholder-relationship-management-it-operations	Stakeholder relationship management (IT operations)	Stakeholder relationship management involves managing stakeholder requirements and communications throughout a project, while remaining focused on the user needs.	Business relationship manager, IT service manager
pcf:strategic-cyber-security-planning	Strategic cyber security planning	You can: - determine the right balance between the organisation's cyber and information security capabilities, acceptable level of risk and speed of technology progress - decide areas that need security investment - create a security roadmap that enables the organisation to achieve its objectives Examples of leadership using this skill: - explaining the mutual benefits of the security strategy to a range of stakeholders and teams to bring them onboard - advising other leaders on how to integrate security requirements in their strategies - ensuring security is part of all the organisation's initiatives, despite competing priorities - gaining support for investment in security from other leaders	Chief information security officer
pcf:strategic-data-planning	Strategic data planning	You can: - develop an organisational data strategy that supports the organisation’s objectives - identify underlying causes of data challenges faced by other leaders and make strategic recommendations to resolve them - decide what data technologies and changes are needed to better support organisational strategy Examples of leadership using this skill: - aligning the data strategy and organisational strategy to create shared direction and increased trust - changing operations in the organisation to be more aware of, and driven by, data - changing the organisation’s view of data so it is viewed as an asset, not a risk or liability	Chief data officer
pcf:strategic-design-and-business-change	Strategic design and business change	Strategy involves creating a plan to achieve a team or organisation's objectives.	Business architect
pcf:strategic-ownership	Strategic ownership	Strategic ownership involves thinking holistically, and creating and owning an end to end plan to achieve set objectives.	Product manager, Service owner
pcf:strategic-technology-planning	Strategic technology planning	You can: - determine the most appropriate technologies to achieve the organisation’s objectives - assess the effect of changes on different parts of the organisation and its partners - identify underlying causes of technology challenges faced by other leaders and make strategic recommendations to resolve them Examples of leadership using this skill: - inspiring people with your vision so they support a more effective technology strategy - helping other leaders prioritise a strategic technical direction over immediate tactical concerns - educating colleagues about the potential benefits of chosen technologies - earning the trust of stakeholders who are invested in specific technologies so that they agree to change	Chief technology officer
pcf:strategic-thinking	Strategic thinking	Strategic thinking involves creating a plan to achieve a team or organisation's objectives.	Business architect, Business relationship manager, Content strategist, Data architect, Data governance manager, Digital portfolio manager, Frontend developer, IT service manager, Technical writer
pcf:strategy-design	Strategy design	Strategy involves creating a plan to achieve a team or organisation's objectives.	Enterprise architect, Solution architect, Technical architect
pcf:systems-design	Systems design	Systems design involves creating the specification and design of systems to meet defined business needs.	Development operations (DevOps) engineer, Infrastructure engineer, Network architect, Software developer
pcf:systems-design-frontend-developer	Systems design (frontend developer)		Frontend developer
pcf:systems-integration	Systems integration	Systems integration involves identifying points of connection between different systems and processes, or opportunities to combine them, and designing how the components communicate.	Development operations (DevOps) engineer, Infrastructure engineer, Machine learning engineer, Network architect, Software developer
pcf:systems-integration-frontend-developer	Systems integration (frontend developer)		Frontend developer
pcf:team-dynamics-and-collaboration	Team dynamics and collaboration		Agile coach, Delivery manager
pcf:technical-design-throughout-the-life-cycle	Technical design throughout the life cycle		Solution architect, Technical architect
pcf:technical-specialism	Technical specialism		Application operations engineer, End user computing engineer, Infrastructure operations engineer
pcf:technical-understanding	Technical understanding		Application operations engineer, Business relationship manager, Change and release manager, Command and control centre manager, End user computing engineer, Incident manager, Infrastructure engineer, Infrastructure operations engineer, IT service manager, Network architect, Problem manager, Service desk manager, Service transition manager
pcf:technical-understanding-accessibility	Technical understanding (accessibility)	Accessibility involves ensuring your service can be used by as many people as possible, including those with impaired vision, motor difficulties, cognitive impairments, learning disabilities and deafness.	Accessibility specialist
pcf:technical-understanding-performance-analyst	Technical understanding (performance analyst)	Performance measurement involves collecting and interpreting data to identify how a team, product or service is performing.	Performance analyst
pcf:technical-understanding-user-centred-design	Technical understanding (user-centred design)		Technical writer
pcf:technology-architecture	Technology architecture	You can: - ensure technical architecture, including programme platforms and shared infrastructure, reflects the technical structures needed to achieve the organisation's objectives - ensure the organisation uses and shares the appropriate technology architecture at the appropriate time - make architectural decisions for the organisation taking into account costs, functionality, skills and other factors Examples of leadership using this skill: - working with different areas of the organisation to ensure the architecture works for everyone and any change is accepted - convincing teams to exchange some autonomy for better functioning as an organisation - overseeing decisions on technical architecture to ensure the best use of technology for the organisation	Chief technology officer
pcf:technology-evaluation	Technology evaluation	You can: - evaluate the advantages and disadvantages of a wide range of significant previous, current and potential technologies - assess if the organisation has the most appropriate technologies to achieve its goals - quickly assess unfamiliar technology for potential use in your organisation Examples of leadership using this skill: - building credibility with people at all levels of your organisation by demonstrating your knowledge of different technologies - effectively explaining benefits and risks of unfamiliar technology so that technical and non-technical stakeholders can make informed decisions - guiding decisions on technology solutions made by stakeholders with different agendas and different levels of technical understanding	Chief technology officer
pcf:test-analysis	Test analysis	Test analysis involves analysing information, such as requirements, user stories, designs and specifications, to identify and understand how to act on quality risks.	Quality assurance test analyst, Test engineer, Test manager
pcf:test-and-quality-planning	Test and quality planning	Test and quality planning involves creating, following and adapting quality testing activities to ensure the quality of products, services and programmes.	Quality assurance test analyst, Test engineer, Test manager
pcf:test-engineering	Test engineering	Test engineering involves developing test automation solutions that enable fast feedback on quality characteristics.	Quality assurance test analyst, Test engineer, Test manager
pcf:testing	Testing	Testing involves ensuring that requirements have been fully met by using appropriate tools and techniques to verify that a product or service works.	Accessibility specialist, Analytics engineer, Application operations engineer, End user computing engineer, Infrastructure engineer, Infrastructure operations engineer
pcf:troubleshooting-and-problem-resolution	Troubleshooting and problem resolution		Infrastructure engineer, Network architect
pcf:turning-business-problems-into-data-design	Turning business problems into data design		Analytics engineer, Data architect
pcf:understanding-analysis-across-the-product-life-cycle	Understanding analysis across the product life cycle		Performance analyst
pcf:understanding-product-delivery	Understanding product delivery	Product delivery involves ensuring that a product or service is developed in a timely and cost-effective way, meeting the user needs.	Data scientist
pcf:understanding-security-implications-of-transformation	Understanding security implications of transformation	Security management involves identifying and protecting an organisation's assets (systems, people and buildings).	Security architect
pcf:user-centred-analysis	User-centred analysis		Performance analyst
pcf:user-centred-content-design	User-centred content design	User-centred content design involves focusing on user needs through an evidence-based and iterative design process, to ensure content is easy to use and understand.	Content strategist, Technical writer
pcf:user-centred-practice-and-advocacy	User-centred practice and advocacy	User focus involves understanding the user needs to develop a detailed understanding of the problems that need to be solved.	User researcher
pcf:user-experience-insight-analysis	User experience insight analysis	User experience insight analysis involves identifying, analysing and interpreting insights into the quality of the user's experience to ensure outcomes meet business and user needs.	Business analyst
pcf:user-focus	User focus	User focus involves understanding the user needs to develop a detailed understanding of the problems that need to be solved.	Accessibility specialist, Application operations engineer, Business relationship manager, Change and release manager, Command and control centre manager, Content strategist, Development operations (DevOps) engineer, End user computing engineer, Incident manager, Infrastructure operations engineer, IT service manager, Problem manager, Service desk manager, Service transition manager, Software developer, Technical writer
pcf:user-focus-frontend-developer	User focus (frontend developer)	User focus involves understanding the user needs to develop a detailed understanding of the problems that need to be solved.	Frontend developer
pcf:user-research-methods	User research methods	User research involves methods to identify user needs and understand how users interact with a product or service.	User researcher
pcf:web-performance-optimisation	Web performance optimisation	Web performance optimisation involves improving the efficiency and speed with which web pages load in a browser.	Frontend developer
pcf:working-within-constraints-performance-analyst	Working within constraints (performance analyst)		Performance analyst
