id	uri	label	code	isco_08	isco_08_label	description	alternative_labels
f2b15a0e-e65a-438a-affb-29b9d50b77d1	http://data.europa.eu/esco/occupation/f2b15a0e-e65a-438a-affb-29b9d50b77d1	software developer	2512.4	2512	Software developers	Software developers implement or program all kinds of software systems based on specifications and designs by using programming languages, tools, and platforms.	battery software developer; application developer; application programmer; solutions developer; programmer; software specialist; software developers; applications engineer; soft developer; electric vehicle software development engineer; application software developer; software engineer; developer of software
bd272aee-adc9-4a06-a15c-a73b4b4a46a7	http://data.europa.eu/esco/occupation/bd272aee-adc9-4a06-a15c-a73b4b4a46a7	ICT application developer	2514.2	2514	Applications programmers	ICT application developers implement the ICT (software) applications based on the designs provided using application domain specific languages, tools, platforms and experience.	application software developers; application developer; application software engineer; application designer; app software developer; software programmer
c40a2919-48a9-40ea-b506-1f34f693496d	http://data.europa.eu/esco/occupation/c40a2919-48a9-40ea-b506-1f34f693496d	web developer	2513.5	2513	Web and multimedia developers	Web developers develop, implement and document web-accessible software based on the designs provided. They align the client's web presence with its business strategy, troubleshoot software problems and issues and look for ways to improve the application.	web programmer; web application developer; web engineer; web developers; web specialist
866c7813-2c03-47d7-9bdc-192cfbace57c	http://data.europa.eu/esco/occupation/866c7813-2c03-47d7-9bdc-192cfbace57c	user interface developer	2512.5	2512	Software developers	User interface developers implement, code, document and maintain the interface of a software system by using front-end development technologies.	front end developer; UI programmer; user interface developers; UI developers; UI developer; user interface engineer
cc867bee-ab5c-427f-9244-f7a204d9574b	http://data.europa.eu/esco/occupation/cc867bee-ab5c-427f-9244-f7a204d9574b	cloud DevOps engineer	2512.7	2512	Software developers	Cloud DevOps engineers implement and manage continuous software delivery systems and methodologies. This includes managing and configuring code repositories, build services, automated testing, and deployment mechanisms. For cloud-based workloads, a Cloud DevOps Engineer define and deploy infrastructure as code, automating test and development environments. They can define and configure automated disaster recovery solutions that meet business objectives.	cloud infrastructure devops engineer; devops consultant; cloud devops solution specialist; devops engineer; cloud automation engineer; site reliability devops engineer; devops; devops architect; devops administrator; devops consultant engineer; devops specialist; cloud devops; devops analyst
349ee6f6-c295-4c38-9b98-48765b55280e	http://data.europa.eu/esco/occupation/349ee6f6-c295-4c38-9b98-48765b55280e	cloud engineer	2512.1	2512	Software developers	Cloud engineers are responsible for the design, planning, management and maintenance of cloud-based systems. They develop and implement cloud-applications, handle the migration of existing on-premise applications to the cloud, and debug cloud stacks.	hybrid cloud engineer; cloud infrastructure engineer; cloud software engineer; cloud computing engineer; cloud network engineer; cloud solution engineer; cloud security engineer; cloud-native engineer; cloud developer
07e60525-1aad-4099-aaf3-2c7014c92212	http://data.europa.eu/esco/occupation/07e60525-1aad-4099-aaf3-2c7014c92212	integration engineer	2511.17	2511	Systems analysts	Integration engineers develop and implement solutions which coordinate applications across the enterprise or its units and departments. They evaluate existing components or systems to determine integration requirements and ensure that the final solutions meet organisational needs. They reuse components when possible and assist management in taking decisions. They perform ICT system integration troubleshooting.	software integration engineer; ICT integration engineers; IT integration engineer; system integration engineer
b11e1742-5e28-4270-b081-b0193d85ee7d	http://data.europa.eu/esco/occupation/b11e1742-5e28-4270-b081-b0193d85ee7d	database developer	2521.3	2521	Database designers and administrators	Database developers program, implement and coordinate changes to computer databases based on their expertise of database management systems.	database developers; data base developer; data base developers; database development engineer; database coder; database design specialist; database programmer
2bef94db-0088-4507-982a-2ca717529adb	http://data.europa.eu/esco/occupation/2bef94db-0088-4507-982a-2ca717529adb	enterprise architect	2511.6	2511	Systems analysts	Enterprise architects balance technological opportunities with business requirements. They also maintain a holistic view of the organisation's strategy, processes, information and ICT assets and link the business mission, strategy and processes to the ICT strategy.	enterprise developer; enterprise architects; enterprise architecture manager; enterprise designer
e1c72b5f-4c5c-487c-a6df-e84b64a51dae	http://data.europa.eu/esco/occupation/e1c72b5f-4c5c-487c-a6df-e84b64a51dae	ICT system architect	2511.14	2511	Systems analysts	ICT system architects design architecture, components, modules, interfaces, and data for a multi-components system to meet specified requirements.	ICT systems architect; solution architect; IT systems architect; IT system architect; systems architect; ICT system architects; ICT systems architects; information systems architect
d0aa0792-4345-474b-9365-686cf4869d2e	http://data.europa.eu/esco/occupation/d0aa0792-4345-474b-9365-686cf4869d2e	software architect	2512.3	2512	Software developers	Software architects create the technical design and the functional model of a software system, based on functional specifications. They also design the architecture of the system or different modules and components related to the business' or customer requirements, technical platform, computer language or development environment.	software architects; software designer; application architect
2fb96c6c-8d0b-4ef0-b1ee-3e493305e4eb	http://data.europa.eu/esco/occupation/2fb96c6c-8d0b-4ef0-b1ee-3e493305e4eb	cloud architect	2512.6	2512	Software developers	Cloud architects are responsible for converting the technical features of a project into the architecture to lead to the final product. To develop technical cloud strategy, they have in-depth knowledge of the architectural principles and services, assisting with cloud migration efforts, review workload architectures, and provide guidance on how to address high-risk issues. They typically perform in a pre-sales capacity and are often asked to deliver proof-of-concept projects, topical workshops, and lead implementation projects. They team up with DevOps engineers to build the appropriate technologies.	aws cloud architect; cloud solutions consultant
8d9ec84d-cf2d-4179-87bc-335cda54a427	http://data.europa.eu/esco/occupation/8d9ec84d-cf2d-4179-87bc-335cda54a427	database designer	2521.2	2521	Database designers and administrators	Database designers specify the database's logical structure, processes, and information flows. They design data models and databases to serve data acquisition.	data architect; database designers; data base designers; database architect; secure could-edge computing system architect; data base designer; database design engineer; data model designer
1562c7a3-c7d9-419d-b9b6-db26610bcf84	http://data.europa.eu/esco/occupation/1562c7a3-c7d9-419d-b9b6-db26610bcf84	data warehouse designer	2521.5	2521	Database designers and administrators	Data warehouse designers are responsible for planning, connecting, designing, scheduling, and deploying data warehouse systems. They develop, monitor and maintain ETL processes, reporting applications and data warehouse design.	data warehouse architect; data warehouse developer
7754d570-9519-48c2-b1c9-8e165f8bca0f	http://data.europa.eu/esco/occupation/7754d570-9519-48c2-b1c9-8e165f8bca0f	cybersecurity risk manager	2529.8	2529	Database and network professionals not elsewhere classified	Cybersecurity risk managers identify, analyse, assess, estimate and mitigate cybersecurity-related risks of ICT infrastructures such as systems or services. They manage these aspects by planning risk analysis, applying, reporting, assessing, communicating, and treating them. They establish a risk management strategy for the organisation and ensure that risks remain at an acceptable level for the organisation by selecting mitigation actions and controls.	cybersecurity specialist; information security manager; information security risk analyst; IT security manager; ICT security chief; cybersecurity risk assurance consultant; cybersecurity risk assessor; security coordinator; ICT technical security expert; cyber risk manager; cybersecurity impact analyst; ICT security manager; IT security chief
e0b544dd-b621-4126-a55e-054af25c6ea0	http://data.europa.eu/esco/occupation/e0b544dd-b621-4126-a55e-054af25c6ea0	ICT network architect	2523.2	2523	Computer network professionals	ICT network architects design the topology and connectivity of ICT network such as hardware, infrastructure, communication and hardware components.	network designer; network architects
4b3201cb-ffc5-4f61-9fc3-5c0f0038fa5f	http://data.europa.eu/esco/occupation/4b3201cb-ffc5-4f61-9fc3-5c0f0038fa5f	ICT business analysis manager	2511.8	2511	Systems analysts	ICT business analysis managers identify areas where information system changes are needed to support business plans and monitor the impact in terms of change management. They contribute to the general ICT functional requirements of the business organisation. ICT business analysis managers analyse business needs and translate them into ICT solutions.	ICT business analysis managers; IT business analysis director; IT business analysis manager; IT commercial analysis manager; ICT commercial analysis manager; lead IT business analyst
d3edb8f8-3a06-47a0-8fb9-9b212c006aa2	http://data.europa.eu/esco/occupation/d3edb8f8-3a06-47a0-8fb9-9b212c006aa2	data analyst	2511.3	2511	Systems analysts	Data analysts import, inspect, clean, transform, validate, model, or interpret collections of data with regard to the business goals of the company. They ensure that the data sources and repositories provide consistent and reliable data. Data analysts use different algorithms and IT tools as demanded by the situation and the current data. They might prepare reports in the form of visualisations such as graphs, charts, and dashboards.	battery data analyst; mine electrification data analyst; data warehousing analyst; battery materials data analyst; data warehouse analyst; battery module performance data analyst; business data analyst; data storage analyst
207d7b18-6540-432e-8aa6-785ed434572f	http://data.europa.eu/esco/occupation/207d7b18-6540-432e-8aa6-785ed434572f	business intelligence manager	2421.3	2421	Management and organisation analysts	Business intelligence managers gain knowledge of the industry, the innovative processes therein, and contrast them with the operations of the company in order to improve them. They focus their analysis in the supply chain processes, warehouses, storage, and sales as to facilitate communication and revenue improvement.	business intelligence analyst; business intelligence consultant; business research analyst; competitive intelligence manager; strategic business and intelligence manager; research consultant; market intelligence manager; business research consultant; business intelligence specialist
2079755f-d809-49e6-8037-4de6180e54c0	http://data.europa.eu/esco/occupation/2079755f-d809-49e6-8037-4de6180e54c0	data engineer	2511.20	2511	Systems analysts	Data engineers develop the architecture needed to process, manage, and store large amounts of data which will be used by data scientists for analysis. They design the infrastructure and maintain data pipelines and warehouses to leverage data for strategic advantage.	research data engineer; data engineer expert
258e46f9-0075-4a2e-adae-1ff0477e0f30	http://data.europa.eu/esco/occupation/258e46f9-0075-4a2e-adae-1ff0477e0f30	data scientist	2511.4	2511	Systems analysts	Data scientists find and interpret rich data sources, manage large amounts of data, merge data sources, ensure consistency of data-sets, and create visualisations to aid in understanding data. They build mathematical models using data, present and communicate data insights and findings to specialists and scientists in their team and if required, to a non-expert audience, and recommend ways to apply the data.	electromobility data scientist; research data scientist; data expert; data research scientist
ac8b3cd1-a127-4e6a-8208-5cfcf7111955	http://data.europa.eu/esco/occupation/ac8b3cd1-a127-4e6a-8208-5cfcf7111955	statistician	2120.6	2120	Mathematicians, actuaries and statisticians	Statisticians collect, tabulate, and, most importantly, analyse quantitative information coming from a varied array of fields. They interpret and analyse statistical studies on fields such as health, demographics, finance, business, etc. and advise based on patterns and drawn analysis.	statistics researcher; statistics research analyst; statistic research associate; statistical data analyst; statistical scholar; statistical research scientist; statisticians; statistical science researcher; statistical researcher; statistics scholar; senior statistician; statistics specialist; statistics analyst; statistics research scientist; statistics science researcher; statistical research analyst; statistical scientist; statistic research scientist; statistics scientist
35553663-deab-4d9a-bf22-15c1625d28e8	http://data.europa.eu/esco/occupation/35553663-deab-4d9a-bf22-15c1625d28e8	artificial intelligence engineer	2511.11	2511	Systems analysts	Artificial intelligence engineer apply methods of artificial intelligence in engineering, robotics and computer science to design programs which simulate intelligence including thinking models, cognitive and knowledge-based systems, problem solving, and decision making. They also integrate structured knowledge into computer systems (ontologies, knowledge bases) in order to solve complex problems normally requiring a high level of human expertise or artificial intelligence methods.	AI system designer; machine learning engineer; intelligent systems developer; linked data engineer; semantic technologies engineer; designer of intelligent systems; ICT intelligent systems designer; machine learning systems designer; intelligent systems engineer; intelligent system designer; artificial intelligence designer; intelligent systems designers
7086d0ca-1e77-4690-89c9-7ed1a0478fa3	http://data.europa.eu/esco/occupation/7086d0ca-1e77-4690-89c9-7ed1a0478fa3	data quality specialist	2519.1	2519	Software and applications developers and analysts not elsewhere classified	Data quality specialists review organisation's data for accuracy, recommend enhancements to record systems and data acquisition processes and assess referential and historical integrity of data. They also develop documents and maintain data quality goals and standards and oversee an organisation's data privacy policy and monitor compliance of data flows against data quality standards.	data quality expert; data integrity officer; data quality officer; data integrity specialist; data quality specialists
810e5e67-acd5-499a-b307-cf5bea330859	http://data.europa.eu/esco/occupation/810e5e67-acd5-499a-b307-cf5bea330859	ICT information and knowledge manager	1330.1.1	1330	Information and communications technology service managers	ICT information and knowledge managers contribute to the definition of organisational information strategy and apply information and knowledge creation, editing, storage, and distribution policies. They manage the maintenance and evolution of structured and unstructured information. They create digital structures to enable exploitation and optimisation of information and knowledge, manage data analysis and enable business intelligence.	ICT information manager; ICT knowledge manager; IT information and knowledge manager; IT information manager; chief technology officer; IT knowledge manager
6219f0ef-6414-4d01-9221-41ac25dcb409	http://data.europa.eu/esco/occupation/6219f0ef-6414-4d01-9221-41ac25dcb409	clinical coder	3252.1.1	3252	Medical records and health information technicians	Clinical coders read patients' medical records. They analyse and interpret medical statements about diseases, injuries and procedures. Clinical coders convert this information into health classification codes in order to calculate treatment reimbursements, to produce statistics and to monitor health care performance.	clinical coding expert; diagnostic coder; medical coder; clinical records technician; clinical coding officer; medical coding officer; accredited clinical coder; accredited medical coder
60082a99-d8ef-4e84-9290-78902681b6ed	http://data.europa.eu/esco/occupation/60082a99-d8ef-4e84-9290-78902681b6ed	business analyst	2421.1	2421	Management and organisation analysts	Business analysts research and understand the strategic position of businesses and companies in relation to their markets and their stakeholders. They analyse and present their views on how the company, from many perspectives, can improve its strategic position and internal corporate structure. They assess needs for change, communication methods, technology, IT tools, new standards and certifications.	standardisation expert; business strategy analyst; standardization expert; business development analyst; business strategy consultant; management consultant; standardisation manager; organisational developer
fe0fa514-b48d-4a53-9757-a283c0baacf0	http://data.europa.eu/esco/occupation/fe0fa514-b48d-4a53-9757-a283c0baacf0	ICT business analyst	2511.9	2511	Systems analysts	ICT business analysts are in charge of analysing and designing an organisation's processes and systems, assessing the business model and its integration with technology. They also identify change needs, assess the impact of the change, capture and document requirements and then ensure that these requirements are delivered whilst supporting the business through the implementation process.	ICT business analysts; requirement engineer; business process specialist; IT business analyst
8b6388a4-4904-471b-9331-d3b1211f5525	http://data.europa.eu/esco/occupation/8b6388a4-4904-471b-9331-d3b1211f5525	ICT project manager	1330.7	1330	Information and communications technology service managers	ICT project managers schedule, control and direct the resources, people, funding and facilities to achieve the objectives of ICT projects. They establish budgets and timelines, perform risk analysis and quality management, and complete project closure reports.	IT projects manager; blockchain manager; IT project manager; scrum master; web project manager
a79170ad-0b7b-4697-864f-1748359aa10a	http://data.europa.eu/esco/occupation/a79170ad-0b7b-4697-864f-1748359aa10a	ICT product manager	1330.6	1330	Information and communications technology service managers	ICT product managers analyse and define current and target status for ICT products, services or solutions. They estimate the cost effectiveness, points of risk, opportunities, strengths and weaknesses of products or services provided. ICT product managers create structured plans and establish time scales and milestones, ensuring optimisation of activities and resources.	IT product manager; IT products manager; ICT product managers; ICT products manager; ICT products managers
9f508305-80ce-4111-8722-f2c9b4a44890	http://data.europa.eu/esco/occupation/9f508305-80ce-4111-8722-f2c9b4a44890	product manager	1223.1	1223	Research and development managers	Product managers are responsible for managing the lifecycle of a product. They research and develop new products in addition to managing existing ones through market research and strategic planning. Product managers perform marketing and planning activities to increase profits.	product marketing manager; product developer; research and development manager; product development manager; sports product engineer
bea99fea-0383-4c63-b944-70d4799de2c5	http://data.europa.eu/esco/occupation/bea99fea-0383-4c63-b944-70d4799de2c5	project manager	1219.6	1219	Business services and administration managers not elsewhere classified	Project managers oversee the project on a daily basis and are responsible for delivering high-quality results within the identified objectives and constraints, ensuring the effective use of the allocated resources. They are responsible for risk and issue management, project communication and stakeholder management. Project managers perform the activities of planning, organising, securing, monitoring and managing the resources and work necessary to deliver specific project goals and objectives in an effective and efficient way.	project coordinator; project leader; special project manager; project expediter; senior project manager; project director; projects manager
c94f3565-d987-431f-a46b-6f4e018e0bd7	http://data.europa.eu/esco/occupation/c94f3565-d987-431f-a46b-6f4e018e0bd7	programme manager	1213.4	1213	Policy and planning managers	Programme managers coordinate and oversee several projects working simultaneously. They ensure workability and compatibility among projects ensuring that overall, each one of the projects under the management of project managers, turn out profitable and leveraging one to the other.	program director; programme management coordinator; projects portfolio manager; program management coordinator; programme director
faed411a-f920-4100-86a8-b877928b429c	http://data.europa.eu/esco/occupation/faed411a-f920-4100-86a8-b877928b429c	user experience analyst	2511.19	2511	Systems analysts	User experience analysts assess client interaction and experience and analyse users' behaviours, attitudes, and emotions about the usage of a particular product, system or service. They make proposals for the improvement of the interface and usability of products, systems or services. In doing so, they take into consideration the practical, experiential, affective, meaningful and valuable aspects of human–computer interaction and product ownership, as well as the person's perceptions of system aspects such as utility, ease of use and efficiency, and user experience dynamics.	user experience officer; user experience analysts; usability analyst
96e20037-0a25-4bf6-a25e-808d1605d890	http://data.europa.eu/esco/occupation/96e20037-0a25-4bf6-a25e-808d1605d890	user interface designer	2513.3	2513	Web and multimedia developers	User interface designers are in charge of designing user interfaces for applications and systems. They perform layout, graphics and dialogues design activities as well as adaptation activities.	accessibility designer; user interface designers; UI designer
a74f6c51-37e5-423e-aa5b-044e98663027	http://data.europa.eu/esco/occupation/a74f6c51-37e5-423e-aa5b-044e98663027	web content manager	2513.4	2513	Web and multimedia developers	Web content managers curate or create content for a web platform according to the long-term strategic goals, policies and procedures for an organisation's online content or their customers. They control and monitor compliance with standards, legal and privacy regulations and ensure web optimisation. They are also responsible for integrating the work of writers and designers to produce a final layout which is compatible with corporate standards.	web content specialist; digital content; web content curatorspecialist; web content administrators; content curator; content specialist
8cb59bc4-1f39-477e-beea-effed12d186c	http://data.europa.eu/esco/occupation/8cb59bc4-1f39-477e-beea-effed12d186c	technical communicator	2641.4.4	2641	Authors and related writers	Technical communicators prepare clear, concise and professional communication from product developers to users of the products such as online help, user manuals, white papers, specifications and industrial videos. For this, they analyse products, legal requirements, markets, customers and users. They develop information and media concepts, standards, structures and software tool support. They plan the content creation and media production processes, develop written, graphical, video or other contents, generate media output, release their information products and receive feedback from the users.	technical editor; technical documentation author; senior technical communicator; technical communicators; technical content developer; user experience designer; e-learning author; scientific communicator; information architect; API writer; technical writer; documentation specialist; advanced technical communicator; scientific and technical communicator; usability expert; technical documentation specialist; tech communicator; technical illustrator; technical author
50af07f0-7a75-424e-a66d-5a9deea10f4c	http://data.europa.eu/esco/occupation/50af07f0-7a75-424e-a66d-5a9deea10f4c	ICT accessibility tester	2519.7.2	2519	Software and applications developers and analysts not elsewhere classified	ICT accessibility testers evaluate websites, software applications, systems or user interface components with regards to friendliness, operability of the navigation and visibility to all types of users, especially including those with special needs or disabilities.	accessibility testers; accessibility test specialist; usability tester
aaeec9a7-dc57-4485-890c-86b3eef735f9	http://data.europa.eu/esco/occupation/aaeec9a7-dc57-4485-890c-86b3eef735f9	ICT help desk agent	3512.1	3512	Information and communications technology user support technicians	ICT help desk agents provide technical assistance to computer users, answer questions or solve computer problems for clients via telephone or electronically. They provide assistance concerning the use of computer hardware and software.	IT help desk advisor; ICT service desk agent; ICT help desk advisor; IT help desk agent; IT support technician; ICT helpdesk agent
1242d99a-47f1-4a62-b884-33746db8a6ca	http://data.europa.eu/esco/occupation/1242d99a-47f1-4a62-b884-33746db8a6ca	ICT help desk manager	3512.2	3512	Information and communications technology user support technicians	ICT help desk managers monitor the delivery of technical support services to clients according to the predefined deadlines. They plan and organise the user support actions and troubleshoot ICT problems and issues. ICT help desk managers supervise the help desk team ensuring that the customers get the appropriate feedback and support. They also participate in developing customer service guidelines and in reinforcing the team.	ICT help desk managers; IT helpdesk manager; ICT service desk manager; software support manager; ICT helpdesk manager; IT help desk manager; ICT helpdesk managers; technical support manager
3e7bf729-4442-4b9f-ad5e-83111963795c	http://data.europa.eu/esco/occupation/3e7bf729-4442-4b9f-ad5e-83111963795c	ICT technician	3512.4	3512	Information and communications technology user support technicians	ICT technicians install, maintain, repair and operate information systems and any ICT related equipment (laptops, desktops, servers, tablets, smart phones, communications equipment, printers and any piece of computer related peripheral networks), and any type of software (drivers, operating systems, applications).	IT assistant; IT engineer; IT technician; computer operator; information systems technician; ICT engineer; IT officer
9e2e6e1e-363b-4e1b-a673-7bc0f7343300	http://data.europa.eu/esco/occupation/9e2e6e1e-363b-4e1b-a673-7bc0f7343300	ICT system administrator	2522.1	2522	Systems administrators	ICT system administrators are responsible for the upkeep, configuration, and reliable operation of computer and network systems, servers, workstations and peripheral devices. They may acquire, install, or upgrade computer components and software; automate routine tasks; write computer programs; troubleshoot; train and supervise staff; and provide technical support. They ensure optimum system integrity, security, backup and performance.	enterprise administrator; system and network administrator; IT system administrator; server administrator; system and networks administrator; network administrator; ICT sysadmins; IT systems administrator; ICT sysadmin; sysadmin
cf2b03cd-feb7-4f47-90f6-ff1ed6016d3d	http://data.europa.eu/esco/occupation/cf2b03cd-feb7-4f47-90f6-ff1ed6016d3d	ICT network engineer	2523.3	2523	Computer network professionals	ICT network engineers implement, maintain and support computer networks. They also perform network modelling, analysis, and planning. They may also design network and computer security measures. They may research and recommend network and data communications hardware and software.	network configurator; networks engineer; networks developer; network developer; networks designer; network engineers
8c57af09-719c-42b3-be40-6ed4946236cc	http://data.europa.eu/esco/occupation/8c57af09-719c-42b3-be40-6ed4946236cc	database administrator	2521.1	2521	Database designers and administrators	Database administrators test, implement and administer computer databases. They use their expertise in database management systems to plan, coordinate and implement security measures to safeguard computer databases. They also use scripts and configuration files to tailor a database to users' needs.	database manager; DBA; database administrators; data manager; data administrator; database configurator; data base administrator; data base administrators
f0ca39a8-1e30-487c-95f9-ef2d5e734adc	http://data.europa.eu/esco/occupation/f0ca39a8-1e30-487c-95f9-ef2d5e734adc	ICT operations manager	1330.5	1330	Information and communications technology service managers	ICT operations managers coordinate ICT services and infrastructure ensuring that the organisation has the required infrastructural resources. They also plan and monitor stages of either a business process or a computer process, negotiate contracts and take mitigation action in case of non-fulfilment of agreements. They oversee the day-to-day tasks involving infrastructure components, ICT systems and software.	ICT data processing manager; data processing manager; ICT operations managers; IT data processing manager; IT process manager; IT operations manager; systems and networks manager; ICT acquisitions manager
3b1ea27c-781c-41eb-821f-214285260dd2	http://data.europa.eu/esco/occupation/3b1ea27c-781c-41eb-821f-214285260dd2	ICT change and configuration manager	2519.3	2519	Software and applications developers and analysts not elsewhere classified	ICT change and configuration managers organise and implement a process to manage changes throughout the lifecycle of ICT assets such as software, applications, ICT systems, etc. ICT change and configuration managers have a sound knowledge of the main technologies and processes used in system engineering and to manage the lifecycle of ICT systems and subsystems.	configuration manager; application lifecycle manager; software change and configuration manager
0ce5a9f4-e00a-4bbe-b255-3c63407167a4	http://data.europa.eu/esco/occupation/0ce5a9f4-e00a-4bbe-b255-3c63407167a4	cyber incident responder	2529.7	2529	Database and network professionals not elsewhere classified	Cyber incident responders monitor and assess cybersecurity state systems, analysing, evaluating, and mitigating the impact of cybersecurity incidents. Moreover, they identify malicious actors and cyber incidents root causes. According to the organisation’s Incident Response Plan, they restore systems and process functionalities to an operational state, collecting evidence and documenting actions taken.	cybersecurity SIEM manager; IT security expert; security architect; cyber incident handler; security operations center analyst; ICT security engineer; cyber defender; IT security consultant; information technology security consultant; ICT security advisor; ICT security architect; information communications technology security consultant; cyber crisis expert; ICT security consultant; cyber fighter; IT security advisor; SOC Analyst; incident response engineer; consultant in ICT security activities; security operation analyst
a44a1dc5-be08-4840-8bd5-770c4ac1ca6d	http://data.europa.eu/esco/occupation/a44a1dc5-be08-4840-8bd5-770c4ac1ca6d	ICT security technician	3512.3	3512	Information and communications technology user support technicians	ICT security technicians propose and implement necessary security updates and measures whenever is required. They advise, support, inform and provide training and security awareness.	ICT security technicians; cybersecurity developer; development and operations security engineer; IT security officer; cybersecurity implementer; IT security technician; DevSecOps engineer; cybersecurity solutions expert; information security implement; ICT security officer
0464b062-cea6-4164-b10d-956c61956ae7	http://data.europa.eu/esco/occupation/0464b062-cea6-4164-b10d-956c61956ae7	ICT security administrator	2529.6	2529	Database and network professionals not elsewhere classified	ICT security administrators plan and carry out security measures to protect information and data from unauthorised access, deliberate attack, theft and corruption.	network security administrator; information security administrator; system security administrator; ICT security administrators; IT security administrator; CISO
276ba420-ef09-4a0e-b215-2c2e2f80ad28	http://data.europa.eu/esco/occupation/276ba420-ef09-4a0e-b215-2c2e2f80ad28	chief ICT security officer	2529.1	2529	Database and network professionals not elsewhere classified	Chief ICT security officers protect company and employee information against unauthorized access. They also define the Information System security policy, manage security deployment across all Information Systems and ensure the provision of information availability.	chief information security officer; cybersecurity programme director; head of IT security; ISO; information security officer; chief ICT security officers; IT security officer; information security manager; ICT security officer; head of information security; head IT security officer; information security administrator; CISO
0ab5c12c-c1c1-4772-8345-aa287d0e391d	http://data.europa.eu/esco/occupation/0ab5c12c-c1c1-4772-8345-aa287d0e391d	ICT test analyst	2519.6	2519	Software and applications developers and analysts not elsewhere classified	ICT test analysts work in testing environments, assessing products, checking for quality and accuracy, or creating tests scripts. They design tests which are then implemented by testers.	IT test analyst; test designer
106f79e4-6264-45f1-9e7a-297435cd684b	http://data.europa.eu/esco/occupation/106f79e4-6264-45f1-9e7a-297435cd684b	software tester	2519.7	2519	Software and applications developers and analysts not elsewhere classified	Software testers perform software tests. They may also plan and design them. They may also debug and repair software although this mainly corresponds to designers and developers. They ensure that applications function properly before delivering them to internal and external clients.	application software tester; unit tester; application tester; software application tester; tester; module tester; software testers; software testing specialist; soft tester
a28dff76-74df-46ee-929f-d1fffbb63cd7	http://data.europa.eu/esco/occupation/a28dff76-74df-46ee-929f-d1fffbb63cd7	ICT quality assurance manager	2519.5	2519	Software and applications developers and analysts not elsewhere classified	ICT quality assurance managers establish and operate an ICT quality approach through quality management systems, in compliance with internal and external standards and the organisation's culture. They ensure that the management controls are correctly implemented to safeguard asset, data integrity and operations. They focus on the achievement of quality goals, including the maintenance of the external certification according to quality standards and monitor statistics to forecast quality outcomes.	ICT quality manager; ICT test manager; IT quality assurance manager; ICT quality assurance managers; principal test manager; ICT principal testing manager
ef909843-97c6-4c48-8038-2e7aefdfcad5	http://data.europa.eu/esco/occupation/ef909843-97c6-4c48-8038-2e7aefdfcad5	clinical informatics manager	1342.1	1342	Health services managers	Clinical informatics managers oversee the daily operations of information systems used in a medical institutions. They also carry out research, using their understanding of clinical practices to find ways to improve healthcare services.	clinical information systems supervisor; clinical informatics supervisor; clinical information systems manager; manager of clinical informatics; health informatics director; supervisor of clinical informatics; clinical informatics director; director of clinical informatics; health informatics manager; pathology ICT systems manager
779d13be-60b4-48f3-a339-fe483be96c7f	http://data.europa.eu/esco/occupation/779d13be-60b4-48f3-a339-fe483be96c7f	regulatory affairs manager	2619.12	2619	Legal professionals not elsewhere classified	Regulatory affairs managers are in charge of regulatory and legal affairs in several sectors such as the healthcare, energy and banking industries. They oversee the development of products and services from inception to market release by making sure everything complies with the local legislation and meets regulatory requirements. They have experience in the different phases of regulatory processes and act as an interface between business and government legislation or regulatory boards.	regulatory affairs portfolio leader; regulatory compliance manager; regulatory compliance officer; regulatory affairs officer; regulatory manager; chief compliance officer; bank compliance officer; compliance manager; regulatory affairs specialist
82f90e87-de92-4678-adae-61d3e5f7e1e4	http://data.europa.eu/esco/occupation/82f90e87-de92-4678-adae-61d3e5f7e1e4	chief information officer	1330.2	1330	Information and communications technology service managers	Chief information officers define and implement the ICT strategy and governance. They determine necessary resources for the ICT strategy implementation, anticipate ICT market evolutions and company business needs. They contribute to the development of the organisation's strategic plan and ensure that the ICT infrastructure supports the organisation's overall operations and priorities.	CIO; IT director; chief information officers
14eb2c85-fce5-40b6-bcd0-46ac99994b0d	http://data.europa.eu/esco/occupation/14eb2c85-fce5-40b6-bcd0-46ac99994b0d	medical records clerk	3252.1	3252	Medical records and health information technicians	Medical records clerks organise, keep up-to-date and archive patients` records for medical staff availability. They transfer medical information from a patient’s paper records to an electronic template.	medical note summariser; health records clerk; patients records assistant; health records staff member; medical records assistant; medical records filing clerk; medical records staff member; clerical officer; health records assistant; medical records officer; clinical records administrator
983c2816-a339-4817-97f4-151a9ff3e64d	http://data.europa.eu/esco/occupation/983c2816-a339-4817-97f4-151a9ff3e64d	medical records manager	3252.2	3252	Medical records and health information technicians	Medical records managers are responsible for managing activities of medical records units which maintain and secure patient data. They supervise, oversee and train employees while implementing medical department policies.	senior medical records officer; patient records manager; manager of patient records; director of medical records; supervisor of medical records; manager of medical records; medical records supervisor; manager of health records; health records supervisor; supervisor of patient records; patient records supervisor; health records manager
1619d7f3-7d95-407c-a20e-47745bfcde73	http://data.europa.eu/esco/occupation/1619d7f3-7d95-407c-a20e-47745bfcde73	data protection officer	2619.4	2619	Legal professionals not elsewhere classified	Data protection officers ensure that the processing of personal data in an organisation is compliant with data protection standards and with the obligations set out in the applicable legislation such as GDPR. They elaborate and implement the organisation policy related to data protection, are responsible for data protection impact assessments and handle complaints and requests from third parties and regulatory agencies. Data protection officers lead investigations into potential data breaches, conduct internal audits and act as point of contact within the organisation on any matters related to the processing of personal data. Data protection officers may develop training programmes and provide training to other employees on data protection procedures.	privacy officer; privacy protection officer; DPO; data compliance officer; data protection specialist; data protection advisor; data protection counsel; data protection and security officer; GDPR expert; compliance officer data privacy; data protection legal advisor; legal and data protection officer
ef5b17a5-3ca8-4965-bd3d-61c4aca490d1	http://data.europa.eu/esco/occupation/ef5b17a5-3ca8-4965-bd3d-61c4aca490d1	document management officer	1349.11	1349	Professional services managers not elsewhere classified	Document management officers ensure that the documents required for their organisation's functioning and daily operations are registered, classified and archived correctly and are made available to the different services or to the public upon request. They oversee the implementation of internal procedures and promote proper document management practices within the organisation, providing training to other employees on document management procedures. They may operate electronic records management systems (ERMS), electronic document management systems (EDMS) and archives management systems (AMS) and provide support in defining related technical requirements.	records manager; documentation manager; document controller; lead document controller; document manager; document control manager; archive manager; document management specialist
bfe142b9-a049-4d41-89c4-fd2f34ac56b6	http://data.europa.eu/esco/occupation/bfe142b9-a049-4d41-89c4-fd2f34ac56b6	accounting assistant	3313.1	3313	Accounting associate professionals	Accounting assistants record and report ticketing accounting situations to the accountant they work with, verify deposits and prepare daily reports and income. They arrange authorised refund vouchers, maintain the returned check accounts and communicate with ticketing managers concerning about any issues with ticketing systems.	assistant accountant; accountant assistant; billing and accounting assistant; finance assistant; junior accountant
ade351da-7bda-424e-8682-bbdcab2a25be	http://data.europa.eu/esco/occupation/ade351da-7bda-424e-8682-bbdcab2a25be	payroll clerk	4313.1	4313	Payroll clerks	Payroll clerks manage the time sheets and pay checks of the employees and ensure the accuracy and correctness of the information. They check overtime, sick days and vacations and distribute the pay checks.	payroll officer; payroll technician; payroll bookeeper; payroll accounting clerk; payroll accounts clerk; payroll administrator; payroll and benefits clerk; personnel and payroll technician; wages clerk
eda0d957-3c3c-4139-b89a-a18bc9e18897	http://data.europa.eu/esco/occupation/eda0d957-3c3c-4139-b89a-a18bc9e18897	accountant	2411.1	2411	Accountants	Accountants review and analyse financial statements, budgets, financial reports, and business plans in order to check for irregularities resulting from error or fraud, and provide their clients with financial advice in matters such as financial forecasting and risk analysis. They may audit financial data, resolve insolvency cases, prepare tax returns and provide other tax-related advice in reference to current legislation.	accounting technician; production accountant; accounting supervisor; financial accountant; head financial accountant; certified public accountant; bookkeeper; account auditor; auditor; accounting officer; financial reporting accountant; register accountant; cost accountant
4e4a291d-1d38-4c5a-812a-5827d0691b11	http://data.europa.eu/esco/occupation/4e4a291d-1d38-4c5a-812a-5827d0691b11	budget analyst	2411.1.4	2411	Accountants	Budget analysts monitor the spending activities of public and private institutions and companies. They prepare budget reports, review the budget model used in the company and ensure compliance with the budgeting policies and other legal regulations.	budget and policy analyst; cost and planning analyst; budget officer; budget accountant
78db356f-a96a-4456-ab29-2de62e52f830	http://data.europa.eu/esco/occupation/78db356f-a96a-4456-ab29-2de62e52f830	public finance accountant	2411.1.11	2411	Accountants	Public finance accountants head the treasury department of a governmental institution. They manage the institution's financial administration, expenditure and income generation, and compliance with taxation and other financial legislation. They perform administrative duties to ensure record keeping, develop plans for budget management and perform financial forecasts.	treasury accountant; treasury officer; treasury manager; finance accountant of government administration; public finance officer; public finance manager; finance accountant
5e5b1b61-1351-4d3b-a293-deb3661715dd	http://data.europa.eu/esco/occupation/5e5b1b61-1351-4d3b-a293-deb3661715dd	financial controller	2411.1.8	2411	Accountants	Financial controllers handle all tasks related to the budgeting and accounting aspects of a company or organisation. They implement and ensure compliance with internal financial and accounting procedures, and prepare documentation for external audits. They collect information related to financial statements such as assets, liabilities, equity, and cash flow in order to assess the company's financial position to prepare annual budgets and forecasts.	financial investigation clerk; financial investigator; accountant; accounting supervisor; financial accountant; financial control officer; corporate controller; finance officer; financial administrator; accounting controller; financial control manager; finance controller; finance manager
30f3ea93-882a-4525-841c-1d5b4b64076f	http://data.europa.eu/esco/occupation/30f3ea93-882a-4525-841c-1d5b4b64076f	financial manager	1211.1	1211	Finance managers	Financial managers handle all the matters in reference to the finance and investments of a company. They manage financial operations of companies such as the assets, liabilities, equity and cash flow aiming to maintain the financial health of the company and operative viability. Financial managers evaluate the strategic plans of the company in financial terms, maintain transparent financial operations for taxation and auditing bodies, and create the financial statements of the company at the end of the fiscal year.	financial administrator; chief financial officer; finance chief; corporate finance manager; CFO; finance manager; financial director
929ef41d-afd0-4d5a-b85b-69eab68fa368	http://data.europa.eu/esco/occupation/929ef41d-afd0-4d5a-b85b-69eab68fa368	legal assistant	3411.7	3411	Legal and related associate professionals	Legal assistants work closely together with lawyers and legal representatives in the research and preparation of cases brought to courts. They assist in the paper work of cases and management of the administrative side of court affairs.	corporate legal assistant; law clerk; paralegal specialist; public administration legal assistant; judicial assistant; paralegal; corporate law assistant; legal aide
0264b794-3771-47aa-a675-78bf13b62ee7	http://data.europa.eu/esco/occupation/0264b794-3771-47aa-a675-78bf13b62ee7	legal administrative assistant	3342.2	3342	Legal secretaries	Legal administrative assistants carry out the daily administrative activities of firms, offices of notaries, and companies. They perform activities such as writing mails, phone-answering and typing/keyboarding. They combine these activities with specific knowledge and understanding of the procedures and codes managed in legal business affairs.	paralegal assistant; certified legal secretary specialist; legal administrative secretary; certified legal assistant; legal executive secretary; legal secretary; litigation secretary; litigation legal assistant; collection legal assistant; certified legal secretary
974d4eab-fbee-4c52-b16e-73bdd8c25b53	http://data.europa.eu/esco/occupation/974d4eab-fbee-4c52-b16e-73bdd8c25b53	lawyer	2611.1	2611	Lawyers	Lawyers provide legal advice to clients and act on their behalf in legal proceedings and in compliance with the law. They research for, interpret and study cases to represent their clients in a variety of settings such as courts and administrative boards. They create arguments on behalf of their clients for lawsuits in different contexts with the aim of finding a legal remedy.	administrative law lawyer; traffic law lawyer; barrister; labour lawyer; advocate; social law lawyer; building lawyer; counsellor; copyright and media lawyer; employment lawyer; agricultural lawyer; building and construction dispute lawyer; family law lawyer; inheritance law lawyer; property law lawyer; procurement law lawyer; prosecutor assistant; information technology lawyer; fiscal lawyer; patent law lawyer; commercial and company lawyer; intellectual property lawyer; industrial property lawyer; medical lawyer; attorney; bank and capital market lawyer; financial lawyer; property law attorney; international business law lawyer; personal law lawyer
fdfce14e-992d-4ff4-9f9d-7a353c75654e	http://data.europa.eu/esco/occupation/fdfce14e-992d-4ff4-9f9d-7a353c75654e	corporate lawyer	2611.1.1	2611	Lawyers	Corporate lawyers provide legal consulting services and representation to corporations and organisations. They give advice on matters relating to taxes, legal rights and patents, international trade, trademarks, and legal financial issues arising from operating a business.	business solicitor; corporate attorney; patent lawyer; trademark lawyer; corporation lawyer; intellectual property lawyer; corporate solicitor; business lawyer; company solicitor; corporate counsel; corporate advocate
31854d78-3615-43a4-aa3a-c597ecb20ceb	http://data.europa.eu/esco/occupation/31854d78-3615-43a4-aa3a-c597ecb20ceb	legal consultant	2619.7	2619	Legal professionals not elsewhere classified	Legal consultants advise a varied array of clients ranging from business, individuals, up to legal firms. They provide legal advisory outside courtrooms in relation to legal affairs which depend on the nature of the client. They advise in matters such as merging of multinationals, housing purchase, modification of contracts and its implications. They help clients in general to abide by the regulations and avoid committing illegal acts.	business law consultant; legal advisor; city legal adviser; legal adviser; city legal advisor; legal nurse consultant
d8ed1703-9c03-4ea0-83cc-b6169bc54ffd	http://data.europa.eu/esco/occupation/d8ed1703-9c03-4ea0-83cc-b6169bc54ffd	human resources assistant	4416.1	4416	Personnel clerks	Human resources assistants provide support in all the processes and efforts carried by human resources managers. They help in the preparation of recruitment processes by scanning CVs and narrowing the selection to the most suitable candidates. They perform administrative tasks, prepare communications and letters, and perform the tabulation of the surveys and assessments carried out by the department.	human resources executive assistant; human resources associate; human resources secretary; human resources administrative assistant
d3e32e5e-7f24-48e3-b939-e4f800eb62fb	http://data.europa.eu/esco/occupation/d3e32e5e-7f24-48e3-b939-e4f800eb62fb	human resources officer	2423.3	2423	Personnel and careers professionals	Human resources officers develop and implement strategies that help their employers select and retain appropriately qualified staff within that business sector. They recruit staff, prepare job advertisements, interview and short-list people, negotiate with employment agencies, and set up working conditions. Human resources officers also administer the payroll, review salaries and advise on remuneration benefits and employment law. They arrange for training opportunities to enhance employees' performance.	personnel administrator; personnel supervisor; personnel manager; HR officer; personnel development specialist; personnel representative; HR supervisor; skills trainer; personnel director; HR worker; HR representative; personnel expert; personnel assistant; human resources representative; human resources supervisor; personnel rep; human resource officer; personnel recruiter; HR director; HR rep; human resources worker; personnel officer; personnel worker; competencies trainer; human resources rep; human resources director; lifelong learning coach
068370e0-9c27-4814-87d0-44fbb3140815	http://data.europa.eu/esco/occupation/068370e0-9c27-4814-87d0-44fbb3140815	recruitment consultant	2423.6	2423	Personnel and careers professionals	Recruitment consultants provide the suitable candidates to employers according to the specific job profile requested. They perform testing and interviewing with job seekers, shortlist few candidates to present to the employers and match candidates to appropriate jobs. Recruitment consultants maintain relationships with employers to offer their services on a more long-term basis.	job placement consultant; recruiting process consultant; employment agent; recruitment officer; employee recruiter; job placement officer; head hunter; temporary labour agent; temporary labour officer
f605bcd2-90b6-45a0-a558-d05016d68a77	http://data.europa.eu/esco/occupation/f605bcd2-90b6-45a0-a558-d05016d68a77	human resources manager	1212.2	1212	Human resource managers	Human resources managers plan, design and implement processes related to the human capital of companies. They develop programs for recruiting, interviewing, and selecting employees based on a previous assessment of the profile and skills required in the company. Moreover, they manage compensation and development programs for the company's employees comprising trainings, skill assessment and yearly evaluations, promotion, expat programs, and general assurance of the well-being of the employees in the workplace.	human resources specialist; career advice office manager; employee benefits manager; staffing manager; recruitment manager; benefits manager; industrial relations manager; personnel manager; HRM manager; HR manager; relocation manager; outplacement office manager; personnel director; human resources director
0ba06640-e0ac-4911-9e43-289a8e41651e	http://data.europa.eu/esco/occupation/0ba06640-e0ac-4911-9e43-289a8e41651e	corporate trainer	2424.2	2424	Training and staff development professionals	Corporate trainers train, coach, and guide employees of a company to teach and improve their skills, competences and knowledge in accordance with the needs of the company. They develop the existing potential of the employees to increase their efficiency, motivation, job satisfaction, and employability.	corporate training specialist; corporate professional trainer; educational planner; professional development coach; trainer of corporate employees; skill development trainer; skill development coach; trainer in corporate sector; skills development coach; corporate education professional; workplace training specialist; in-company trainer
a14e96a7-6c4d-4d69-8c6f-7ccadf77bac5	http://data.europa.eu/esco/occupation/a14e96a7-6c4d-4d69-8c6f-7ccadf77bac5	corporate training manager	1212.4	1212	Human resource managers	Corporate training managers coordinate all the training activities and development programmes in a company. They also design and develop new training modules and supervise all the activities related to the planning and delivery of these programmes.	education and training manager; manager of corporate training; staff development director; talent development coordinator; corporate education manager; training development director; corporate sector training manager; training and development coordinator; learning programmes manager; corporate training and development manager; learning manager; training and development manager; employment training manager; training coordinator; skills development manager; in-company training manager; corporate training director; training manager; workplace training manager; learning and development manager; corporate skills and training manager; professional development training manager
c9b2b0a7-0adc-4ca7-bf7c-dc95e18aeac7	http://data.europa.eu/esco/occupation/c9b2b0a7-0adc-4ca7-bf7c-dc95e18aeac7	procurement support officer	3343.1.5	3343	Administrative and executive secretaries	Procurement support officers assist the staff of the procurement team throughout the procurement processes, making sure all procurement documents are compliant with procedural, technical and legal requirements, and that meetings and other contacts are well organised.	officer for procurement documentation; procurement assistant; procurement documentation officer; junior buyer; procurement clerk
29fa406d-de89-4515-be8d-0fe7bda993f1	http://data.europa.eu/esco/occupation/29fa406d-de89-4515-be8d-0fe7bda993f1	purchaser	3323.2	3323	Buyers	Purchasers select and purchase stock, materials, services or goods. They organise tender procedures and select suppliers.	purchasing and supply office worker; purchasing and supply office clerk; purchasing and supply agent; senior purchaser; assistant purchaser; senior buyer; purchasing assistant; purchasing office worker; supply agent; purchasing agent; purchasing and supply officer; buyer; graduate purchaser; supply officer; trainee purchaser; procurement agent; procurement officer; buying agent; procurement and supply officer; purchasing and supply assistant; purchasing office clerk; procurer; procurement and supply agent; purchasing officer
0561328b-875b-4ae2-9ba1-9af9049aef01	http://data.europa.eu/esco/occupation/0561328b-875b-4ae2-9ba1-9af9049aef01	procurement category specialist	2422.14	2422	Policy administration professionals	Procurement category specialists are experts in specific markets and contract types and provide advanced knowledge of a particular category of supplies, services or works. They help internal or external clients to increase value for money and end users' satisfaction through their advanced knowledge of the suppliers and their offering.	associate category specialist; market specialist; supply specialist; procurement associate category specialist; category specialist
cb4f98c8-6b8d-41d8-87eb-a2a2033a3a25	http://data.europa.eu/esco/occupation/cb4f98c8-6b8d-41d8-87eb-a2a2033a3a25	public procurement specialist	2422.15	2422	Policy administration professionals	Public procurement specialists are full-time public procurement practitioners working as part of a procurement team in a large organisation or central purchasing body in all phases of the procurement cycle. They translate needs into contracts and deliver value for money for the organisation and the public.	public procurement expert; public sector procurement expert; public sector procurement specialist; public sector procurement practitioner; public procurement practitioner
2c9939ef-ebab-4111-8f27-605ae8782791	http://data.europa.eu/esco/occupation/2c9939ef-ebab-4111-8f27-605ae8782791	contract manager	2619.1	2619	Legal professionals not elsewhere classified	Contract managers oversee the respect of awarded contracts to ensure that services are delivered as foreseen and that each step of the delivery is properly documented. They act as the main point of contact for suppliers on contractual matters and report back to their leadership. They implement financial and operational controls and ensure compliance with all reporting requirements.	contract specialist; commercial contract manager; medical contract manager; contract compliance manager; contract auditor; construction contract manager
91f93dc4-1b71-4053-b6fb-c579ec19303a	http://data.europa.eu/esco/occupation/91f93dc4-1b71-4053-b6fb-c579ec19303a	procurement department manager	1213.3	1213	Policy and planning managers	Procurement department managers ensure that the organisation's policy goals are transformed into concrete actions and support their teams to achieve the best results for their clients and the public. They oversee the public procurement professionals in the organisation to deliver on their objectives.	procurement coordinator; procurement officer; head of procurement unit; head of procurement department; procurement director
377865f0-c327-4599-8c7e-d428c6588edf	http://data.europa.eu/esco/occupation/377865f0-c327-4599-8c7e-d428c6588edf	purchasing manager	1324.8.2	1324	Supply, distribution and related managers	Purchasing managers are in charge of buying goods, equipment and services for their company, and try to ensure the most competitive prices. They are also responsible for negotiating contracts, reviewing the quality of products and analysing suppliers, and for the use and resale of goods and services.	recycling equipment purchasing manager; equipment purchasing CE project manager; equipment purchasing manager; advanced purchasing analyst; supply manager; procurement and supply manager; purchasing administrator; purchasing analyst; purchasing office administrator; purchasing and supply office administrator; buying manager; tender manager; purchasing coordinator
044d78cc-f62f-4532-83a5-8e04f2889652	http://data.europa.eu/esco/occupation/044d78cc-f62f-4532-83a5-8e04f2889652	administrative assistant	3343.1	3343	Administrative and executive secretaries	Administrative assistants provide administrative and office support for supervisors. They perform a variety of tasks, such as answering telephone calls, receiving and directing visitors, ordering office supplies, maintaining the office facilities running smoothly, and ensuring that equipment and appliances work properly.	general office clerk; clerical assistant; administrative office assistant; office administrator; office clerk; executive administrative assistant; administrative office worker; communications assistant
6c999fc7-c6b7-4ef3-a4b9-af124a1783a2	http://data.europa.eu/esco/occupation/6c999fc7-c6b7-4ef3-a4b9-af124a1783a2	office clerk	4110.1	4110	General office clerks	Office clerks are responsible for performing clerical and administrative duties in an office setting and support of business operations within a department. They assist all the administrative staff, secretaries, and assistants by sorting mail, filing forms and documents, answering phones, greeting clients and scheduling meetings.	clerical assistant; correspondence clerk
2a04a1df-a3b9-403e-a245-e7f93fdddd44	http://data.europa.eu/esco/occupation/2a04a1df-a3b9-403e-a245-e7f93fdddd44	executive assistant	3343.3	3343	Administrative and executive secretaries	Executive assistants are advanced administrative professionals who work with top-level executives or in international facilities in various industries. They organise meetings, organise and maintain files, arrange travel, train staff members, communicate in other languages, and manage the day-to-day operations of the office.	foreign language assistant; foreign language correspondent executive assistant; executive secretary; personal executive assistant; senior administrative secretary; assistant manager; executive administrative assistant; personal assistant; multilingual secretary
5ccb2c34-e860-43a5-9869-342487518115	http://data.europa.eu/esco/occupation/5ccb2c34-e860-43a5-9869-342487518115	project support officer	3343.1.6	3343	Administrative and executive secretaries	Project support officers provide different types of services for the successful execution of a project as part of a horizontal project management office. They offer administrative support, assistance and training to project managers and other staff members, manage the project’s documentation and assist the project manager with project scheduling, resource planning, coordination and reporting. Project support officers are responsible for quality assurance activities and for monitoring the adherence to methodology guidelines and other organisational standards. They also offer advice on project management tools and related administrative services.	real estate PMO; PMO; project management support officer; real estate project support officer; project management officer
b09acdda-6680-49d1-a411-129610ee3bc0	http://data.europa.eu/esco/occupation/b09acdda-6680-49d1-a411-129610ee3bc0	corporate risk manager	2412.3	2412	Financial and investment advisers	Corporate risk managers identify and assess potential threats and opportunities to a company, and give advice on how to deal with them. They create preventive plans to avoid and reduce risks, and put plans in place for when the company is threatened. They coordinate risk management aspects across the different functions of an organisation and are responsible for technical activities such as risk assessment, risk mapping and insurance purchase. They report on risk issues to the senior management and the company's board.	corporate risk department manager; risk and insurance consultant; chief risk executive; chief risk officer; risk management specialist; risk management director; operational risk manager
c0489e22-6a1b-4e52-974a-eb71bbb42134	http://data.europa.eu/esco/occupation/c0489e22-6a1b-4e52-974a-eb71bbb42134	public relations officer	2432.9	2432	Public relations professionals	Public relations officers represent a company or organisation to stakeholders and the public. They use communications strategies to promote an understanding of the activities and image of their clients in a favourable way.	media relations officer; public affairs officer; communications officer; media consultant; press relations officer; public information officer; public relations coordinator; press secretary; media coordinator; press consultant
cd7b838c-51f6-41ec-9067-bb974c0f991b	http://data.europa.eu/esco/occupation/cd7b838c-51f6-41ec-9067-bb974c0f991b	communication manager	1222.1	1222	Advertising and public relations managers	Communication managers are responsible for developing communication strategies in order to promote the organization's mission, services or product. They coordinate communication projects and manage the communications issued by the company for both the internal and the external clients. They supervise internal communications, ensuring that communications reach each one of the employees and further questions can be answered. For external communications, they coordinate coherence among the messages transmitted in mails, printed materials, press articles, and corporate promotional materials. They strive to maintain truthful communications.	communication practitioner; public relations manager; communications associate; public relations and communication manager; communications manager; social media manager; press spokesperson; internal communications manager; foreign language correspondent communications manager; external communications manager; corporate communication manager; online communication manager
